{"cameraMode":{"drawMode":0,"name":"Shaded","section":"Shading Mode"},"sceneLighting":true,"audioPlay":false,"sceneViewState":{"m_AlwaysRefresh":false,"showFog":true,"showSkybox":true,"showFlares":true,"showImageEffects":true,"showParticleSystems":true,"showVisualEffectGraphs":true,"m_FxEnabled":true},"in2DMode":false,"pivot":{"x":-2.357288360595703,"y":14.025064468383789,"z":2.2910079956054689},"rotation":{"x":-0.09907462447881699,"y":0.037900034338235858,"z":-0.003776373341679573,"w":-0.9943501949310303},"size":32.77439498901367,"orthographic":false}