{"cameraMode":{"drawMode":0,"name":"Shaded","section":"Shading Mode"},"sceneLighting":true,"audioPlay":false,"sceneViewState":{"m_AlwaysRefresh":false,"showFog":true,"showSkybox":true,"showFlares":true,"showImageEffects":true,"showParticleSystems":true,"showVisualEffectGraphs":true,"m_FxEnabled":true},"in2DMode":false,"pivot":{"x":-5.8770833015441898,"y":0.3176746666431427,"z":3.7849345207214357},"rotation":{"x":0.06597311049699784,"y":-0.9136572480201721,"z":0.16484227776527406,"w":0.36566251516342165},"size":28.2886905670166,"orthographic":false}