{"cameraMode":{"drawMode":0,"name":"Shaded","section":"Shading Mode"},"sceneLighting":true,"audioPlay":false,"sceneViewState":{"m_AlwaysRefresh":false,"showFog":true,"showSkybox":true,"showFlares":true,"showImageEffects":true,"showParticleSystems":true,"showVisualEffectGraphs":true,"m_FxEnabled":true},"in2DMode":false,"pivot":{"x":0.04707145690917969,"y":-0.6404685974121094,"z":0.4162578582763672},"rotation":{"x":-0.09183188527822495,"y":0.895412802696228,"z":-0.21799317002296449,"w":-0.37720203399658205},"size":24.03403663635254,"orthographic":false}