{"cameraMode":{"drawMode":0,"name":"Shaded","section":"Shading Mode"},"sceneLighting":true,"audioPlay":false,"sceneViewState":{"m_AlwaysRefresh":false,"showFog":true,"showSkybox":true,"showFlares":true,"showImageEffects":true,"showParticleSystems":true,"showVisualEffectGraphs":true,"m_FxEnabled":true},"in2DMode":false,"pivot":{"x":2.292496919631958,"y":-2.4129531383514406,"z":5.202226161956787},"rotation":{"x":0.7060322761535645,"y":0.004248945973813534,"z":-0.0042362757958471779,"w":0.7081544399261475},"size":28.046192169189454,"orthographic":false}