{"cameraMode":{"drawMode":0,"name":"Shaded","section":"Shading Mode"},"sceneLighting":false,"audioPlay":false,"sceneViewState":{"m_AlwaysRefresh":false,"showFog":true,"showSkybox":false,"showFlares":true,"showImageEffects":true,"showParticleSystems":true,"showVisualEffectGraphs":true,"m_FxEnabled":true},"in2DMode":false,"pivot":{"x":-15.699999809265137,"y":2.520042657852173,"z":19.46361541748047},"rotation":{"x":0.7060322761535645,"y":0.004248945973813534,"z":-0.0042362757958471779,"w":0.7081544399261475},"size":3.5845561027526857,"orthographic":true}