{"cameraMode":{"drawMode":0,"name":"Shaded","section":"Shading Mode"},"sceneLighting":true,"audioPlay":false,"sceneViewState":{"m_AlwaysRefresh":false,"showFog":true,"showSkybox":true,"showFlares":true,"showImageEffects":true,"showParticleSystems":true,"showVisualEffectGraphs":true,"m_FxEnabled":true},"in2DMode":false,"pivot":{"x":18.6027889251709,"y":3.4794373512268068,"z":4.470531940460205},"rotation":{"x":-0.08088573813438416,"y":-0.02511831931769848,"z":-0.0020390681456774475,"w":0.9964048862457275},"size":4.976269245147705,"orthographic":false}